SNO,NAME,CITY,AREA
1,APPLICATION1,CHENNAI,TNAGAR
2,APPLICATION2,CHENNAI,
3,APPLICATION3,CHENNAI,TNAGAR
4,APPLICATION4,CHENNAI,TNAGAR
5,APPLICATION5,CHENNAI,TNAGAR
6,APPLICATION6,CHENNAI,TNAGAR
7,APPLICATION7,CHENNAI,TNAGAR
8,APPLICATION8,CHENNAI,TNAGAR
9,APPLICATION9,CHENNAI,TNAGAR
10,APPLICATION10,CHENNAI,TNAGAR
11,APPLICATION11,CHENNAI,TNAGAR
12,APPLICATION12,CHENNAI,TNAGAR
13,APPLICATION13,CHENNAI,TNAGAR
14,APPLICATION14,CHENNAI,GUINDY
15,APPLICATION15,CHENNAI,GUINDY
16,APPLICATION16,MADURAI,PERIYAR
17,APPLICATION17,MADURAI,PERIYAR
18,APPLICATION18,MADURAI,PERIYAR
19,APPLICATION19,MADURAI,PERIYAR
20,APPLICATION20,MADURAI,PERIYAR
21,APPLICATION21,MADURAI,PERIYAR
22,APPLICATION22,MADURAI,PERIYAR
23,APPLICATION23,MADURAI,PERIYAR
24,APPLICATION24,MADURAI,PERIYAR
25,APPLICATION25,MADURAI,PERIYAR
26,APPLICATION26,MADURAI,PERIYAR
